{"global_mean": 1.677138, "global_std": 1.382502, "z_threshold": 2.5}
